split,variant,task,modality,metric,value,n,auc
0,early,acr_surv,HE,c_index,0.6792452830188679,220,
0,early,acr_surv,BAL,c_index,0.46938775510204084,48,
0,early,acr_surv,CT,c_index,0.5329106843184784,437,
0,early,acr_surv,Clinical,c_index,0.5100495226197912,897,
0,early,clad_surv,HE,c_index,0.579734219269103,115,
0,early,clad_surv,BAL,c_index,0.5368421052631579,28,
0,early,clad_surv,CT,c_index,0.43417684487676445,332,
0,early,clad_surv,Clinical,c_index,0.6015991809933985,642,
0,early,cls,HE,bacc,0.6348464619492656,121,0.7516688918558077
0,early,cls,BAL,bacc,0.5,25,0.380952380952381
0,early,cls,CT,bacc,0.5234962406015038,97,0.5269423558897244
0,early,cls,Clinical,bacc,0.4960674157303371,297,0.624656679151061
0,early,death_surv,HE,c_index,0.5356928614277144,117,
0,early,death_surv,BAL,c_index,0.6195652173913043,32,
0,early,death_surv,CT,c_index,0.5764032043420401,375,
0,early,death_surv,Clinical,c_index,0.465311755112282,683,
0,late,acr_surv,HE,c_index,0.6981132075471698,220,
0,late,acr_surv,BAL,c_index,0.4897959183673469,48,
0,late,acr_surv,CT,c_index,0.5615327242215178,437,
0,late,acr_surv,Clinical,c_index,0.5127598822164718,897,
0,late,clad_surv,HE,c_index,0.49127906976744184,115,
0,late,clad_surv,BAL,c_index,0.45789473684210524,28,
0,late,clad_surv,CT,c_index,0.3307979229137717,332,
0,late,clad_surv,Clinical,c_index,0.5658029441875243,642,
0,late,cls,HE,bacc,0.735981308411215,121,0.9395861148197597
0,late,cls,BAL,bacc,0.39285714285714285,25,0.44047619047619047
0,late,cls,CT,bacc,0.5319548872180451,97,0.5272556390977443
0,late,cls,Clinical,bacc,0.49775280898876406,297,0.6832709113607991
0,late,death_surv,HE,c_index,0.528494301139772,117,
0,late,death_surv,BAL,c_index,0.6847826086956522,32,
0,late,death_surv,CT,c_index,0.5681966443128148,375,
0,late,death_surv,Clinical,c_index,0.45189593526533683,683,
0,longitudinal_mk_no_alibi,acr_surv,HE,bacc,0.5564159292035398,254,0.6396965865992416
0,longitudinal_mk_no_alibi,acr_surv,BAL,bacc,0.41538461538461535,78,0.36568047337278103
0,longitudinal_mk_no_alibi,acr_surv,CT,bacc,0.5291271170668156,226,0.5932439977666107
0,longitudinal_mk_no_alibi,acr_surv,Clinical,bacc,0.5605982465188242,312,0.4246518824136153
0,longitudinal_mk_no_alibi,death_surv,HE,c_index,0.3585170622103637,522,
0,longitudinal_mk_no_alibi,death_surv,BAL,c_index,0.524346382625536,178,
0,longitudinal_mk_no_alibi,death_surv,CT,c_index,0.7503696798251254,662,
0,longitudinal_mk_no_alibi,death_surv,Clinical,c_index,0.6544204010369822,757,
0,middle,acr_surv,HE,c_index,0.832318928788801,220,
0,middle,acr_surv,BAL,c_index,0.4489795918367347,48,
0,middle,acr_surv,CT,c_index,0.49137609546895394,437,
0,middle,acr_surv,Clinical,c_index,0.5597059873293477,897,
0,middle,clad_surv,HE,c_index,0.6071428571428571,115,
0,middle,clad_surv,BAL,c_index,0.43157894736842106,28,
0,middle,clad_surv,CT,c_index,0.38693044686608646,332,
0,middle,clad_surv,Clinical,c_index,0.5549828785257881,642,
0,middle,cls,HE,bacc,0.6799065420560748,121,0.777369826435247
0,middle,cls,BAL,bacc,0.34523809523809523,25,0.2976190476190476
0,middle,cls,CT,bacc,0.45708020050125314,97,0.4843358395989975
0,middle,cls,Clinical,bacc,0.5071161048689139,297,0.6587390761548065
0,middle,death_surv,HE,c_index,0.5587882423515297,117,
0,middle,death_surv,BAL,c_index,0.5978260869565217,32,
0,middle,death_surv,CT,c_index,0.5739373222346893,375,
0,middle,death_surv,Clinical,c_index,0.4477167231213148,683,
0,set_mil_mt,acr_surv,HE,c_index,0.6972002434570906,220,
0,set_mil_mt,acr_surv,BAL,c_index,0.4489795918367347,48,
0,set_mil_mt,acr_surv,CT,c_index,0.6411523401081485,437,
0,set_mil_mt,acr_surv,Clinical,c_index,0.5,897,
0,set_mil_mt,clad_surv,HE,c_index,0.6237541528239202,115,
0,set_mil_mt,clad_surv,BAL,c_index,0.6736842105263158,28,
0,set_mil_mt,clad_surv,CT,c_index,0.3220215022306736,332,
0,set_mil_mt,clad_surv,Clinical,c_index,0.5214459702757087,642,
0,set_mil_mt,cls,HE,bacc,0.7793724966622163,121,0.8644859813084111
0,set_mil_mt,cls,BAL,bacc,0.5714285714285714,25,0.5833333333333334
0,set_mil_mt,cls,CT,bacc,0.49655388471177947,97,0.525062656641604
0,set_mil_mt,cls,Clinical,bacc,0.5593632958801498,297,0.5967540574282147
0,set_mil_mt,death_surv,HE,c_index,0.5791841631673665,117,
0,set_mil_mt,death_surv,BAL,c_index,0.7472826086956522,32,
0,set_mil_mt,death_surv,CT,c_index,0.6435821830232498,375,
0,set_mil_mt,death_surv,Clinical,c_index,0.4822011040020073,683,
0,set_mil_mt_no_sab,acr_surv,HE,c_index,0.7057212416311625,220,
0,set_mil_mt_no_sab,acr_surv,BAL,c_index,0.47959183673469385,48,
0,set_mil_mt_no_sab,acr_surv,CT,c_index,0.49445273168002984,437,
0,set_mil_mt_no_sab,acr_surv,Clinical,c_index,0.4541023467475685,897,
0,set_mil_mt_no_sab,clad_surv,HE,c_index,0.6640365448504983,115,
0,set_mil_mt_no_sab,clad_surv,BAL,c_index,0.5789473684210527,28,
0,set_mil_mt_no_sab,clad_surv,CT,c_index,0.39662107803700725,332,
0,set_mil_mt_no_sab,clad_surv,Clinical,c_index,0.6285346136195149,642,
0,set_mil_mt_no_sab,cls,HE,bacc,0.6985981308411215,121,0.855807743658211
0,set_mil_mt_no_sab,cls,BAL,bacc,0.4107142857142857,25,0.22619047619047622
0,set_mil_mt_no_sab,cls,CT,bacc,0.4859022556390977,97,0.4946741854636591
0,set_mil_mt_no_sab,cls,Clinical,bacc,0.5601123595505618,297,0.5608614232209738
0,set_mil_mt_no_sab,death_surv,HE,c_index,0.5218956208758249,117,
0,set_mil_mt_no_sab,death_surv,BAL,c_index,0.6847826086956522,32,
0,set_mil_mt_no_sab,death_surv,CT,c_index,0.6272734389270151,375,
0,set_mil_mt_no_sab,death_surv,Clinical,c_index,0.4698124451135366,683,
0,set_mil_no_sab,acr_surv,HE,c_index,0.6938527084601339,220,
0,set_mil_no_sab,acr_surv,BAL,c_index,0.4489795918367347,48,
0,set_mil_no_sab,acr_surv,CT,c_index,0.5167816520604139,437,
0,set_mil_no_sab,acr_surv,Clinical,c_index,0.5638217185687516,897,
0,set_mil_no_sab,clad_surv,HE,c_index,0.590531561461794,115,
0,set_mil_no_sab,clad_surv,BAL,c_index,0.6263157894736842,28,
0,set_mil_no_sab,clad_surv,CT,c_index,0.41355225627148395,332,
0,set_mil_no_sab,clad_surv,Clinical,c_index,0.606453207187489,642,
0,set_mil_no_sab,cls,HE,bacc,0.7793724966622163,121,0.8454606141522031
0,set_mil_no_sab,cls,BAL,bacc,0.40476190476190477,25,0.34523809523809523
0,set_mil_no_sab,cls,CT,bacc,0.4777568922305765,97,0.4577067669172933
0,set_mil_no_sab,cls,Clinical,bacc,0.5915730337078652,297,0.5681023720349563
0,set_mil_no_sab,death_surv,HE,c_index,0.562387522495501,117,
0,set_mil_no_sab,death_surv,BAL,c_index,0.6413043478260869,32,
0,set_mil_no_sab,death_surv,CT,c_index,0.6563551913994207,375,
0,set_mil_no_sab,death_surv,Clinical,c_index,0.4967303349642454,683,
1,early,acr_surv,HE,c_index,0.46166207529843895,247,
1,early,acr_surv,BAL,c_index,0.59375,44,
1,early,acr_surv,CT,c_index,0.5797662630245002,367,
1,early,acr_surv,Clinical,c_index,0.7196487593113314,858,
1,early,clad_surv,HE,c_index,0.40403005464480873,128,
1,early,clad_surv,BAL,c_index,0.8125,26,
1,early,clad_surv,CT,c_index,0.5538241786780937,268,
1,early,clad_surv,Clinical,c_index,0.642804023640847,564,
1,early,cls,HE,bacc,0.5181498829039812,136,0.4159836065573771
1,early,cls,BAL,bacc,0.5952380952380952,24,0.23809523809523808
1,early,cls,CT,bacc,0.6567550096961862,108,0.6916612798965739
1,early,cls,Clinical,bacc,0.6215149651496515,307,0.70290077900779
1,early,death_surv,HE,c_index,0.445771144278607,132,
1,early,death_surv,BAL,c_index,0.6571428571428571,27,
1,early,death_surv,CT,c_index,0.6562709795544706,308,
1,early,death_surv,Clinical,c_index,0.5853922612708555,603,
1,late,acr_surv,HE,c_index,0.6205234159779615,247,
1,late,acr_surv,BAL,c_index,0.578125,44,
1,late,acr_surv,CT,c_index,0.7419740918051253,367,
1,late,acr_surv,Clinical,c_index,0.6953036357357801,858,
1,late,clad_surv,HE,c_index,0.42896174863387976,128,
1,late,clad_surv,BAL,c_index,0.8125,26,
1,late,clad_surv,CT,c_index,0.53382677574341,268,
1,late,clad_surv,Clinical,c_index,0.6060902579357313,564,
1,late,cls,HE,bacc,0.5497658079625293,136,0.5737704918032787
1,late,cls,BAL,bacc,0.5,24,0.23809523809523808
1,late,cls,CT,bacc,0.6515837104072397,108,0.7259211376858435
1,late,cls,Clinical,bacc,0.496309963099631,307,0.6371463714637147
1,late,death_surv,HE,c_index,0.41393034825870645,132,
1,late,death_surv,BAL,c_index,0.6571428571428571,27,
1,late,death_surv,CT,c_index,0.6615196826365578,308,
1,late,death_surv,Clinical,c_index,0.5605076322328718,603,
1,longitudinal_mk_no_alibi,acr_surv,HE,bacc,0.5265497967479675,278,0.547827743902439
1,longitudinal_mk_no_alibi,acr_surv,BAL,bacc,0.503448275862069,97,0.554022988505747
1,longitudinal_mk_no_alibi,acr_surv,CT,bacc,0.5684169278996866,249,0.5699843260188088
1,longitudinal_mk_no_alibi,acr_surv,Clinical,bacc,0.5121996996996997,332,0.7459177927927927
1,longitudinal_mk_no_alibi,death_surv,HE,c_index,0.5006719397941944,517,
1,longitudinal_mk_no_alibi,death_surv,BAL,c_index,0.3687060097455333,176,
1,longitudinal_mk_no_alibi,death_surv,CT,c_index,0.6538704753597907,589,
1,longitudinal_mk_no_alibi,death_surv,Clinical,c_index,0.49598283396366916,699,
1,middle,acr_surv,HE,c_index,0.47520661157024796,247,
1,middle,acr_surv,BAL,c_index,0.609375,44,
1,middle,acr_surv,CT,c_index,0.5799774711348916,367,
1,middle,acr_surv,Clinical,c_index,0.7164175423018104,858,
1,middle,clad_surv,HE,c_index,0.3797814207650273,128,
1,middle,clad_surv,BAL,c_index,0.875,26,
1,middle,clad_surv,CT,c_index,0.606025191533567,268,
1,middle,clad_surv,Clinical,c_index,0.549767114172766,564,
1,middle,cls,HE,bacc,0.49063231850117095,136,0.5570843091334895
1,middle,cls,BAL,bacc,0.38095238095238093,24,0.2698412698412698
1,middle,cls,CT,bacc,0.57950872656755,108,0.5853264382676148
1,middle,cls,Clinical,bacc,0.5955822058220582,307,0.6349425994259943
1,middle,death_surv,HE,c_index,0.41492537313432837,132,
1,middle,death_surv,BAL,c_index,0.6571428571428571,27,
1,middle,death_surv,CT,c_index,0.6877631980469942,308,
1,middle,death_surv,Clinical,c_index,0.5623535676251331,603,
1,set_mil_mt,acr_surv,HE,c_index,0.4905876951331497,247,
1,set_mil_mt,acr_surv,BAL,c_index,0.1875,44,
1,set_mil_mt,acr_surv,CT,c_index,0.47282455646296817,367,
1,set_mil_mt,acr_surv,Clinical,c_index,0.5496768782990479,858,
1,set_mil_mt,clad_surv,HE,c_index,0.4098360655737705,128,
1,set_mil_mt,clad_surv,BAL,c_index,0.3125,26,
1,set_mil_mt,clad_surv,CT,c_index,0.5538241786780937,268,
1,set_mil_mt,clad_surv,Clinical,c_index,0.6258561978942424,564,
1,set_mil_mt,cls,HE,bacc,0.7131147540983607,136,0.8521662763466042
1,set_mil_mt,cls,BAL,bacc,0.5238095238095238,24,0.5079365079365079
1,set_mil_mt,cls,CT,bacc,0.645442792501616,108,0.660633484162896
1,set_mil_mt,cls,Clinical,bacc,0.5203977039770398,307,0.5396678966789668
1,set_mil_mt,death_surv,HE,c_index,0.3701492537313433,132,
1,set_mil_mt,death_surv,BAL,c_index,0.5428571428571428,27,
1,set_mil_mt,death_surv,CT,c_index,0.6313091241989625,308,
1,set_mil_mt,death_surv,Clinical,c_index,0.5982605608803692,603,
1,set_mil_mt_no_sab,acr_surv,HE,c_index,0.6662075298438935,247,
1,set_mil_mt_no_sab,acr_surv,BAL,c_index,0.375,44,
1,set_mil_mt_no_sab,acr_surv,CT,c_index,0.7022669670515348,367,
1,set_mil_mt_no_sab,acr_surv,Clinical,c_index,0.6338365152187855,858,
1,set_mil_mt_no_sab,clad_surv,HE,c_index,0.43989071038251365,128,
1,set_mil_mt_no_sab,clad_surv,BAL,c_index,0.5625,26,
1,set_mil_mt_no_sab,clad_surv,CT,c_index,0.5490845344760421,268,
1,set_mil_mt_no_sab,clad_surv,Clinical,c_index,0.6373830678304434,564,
1,set_mil_mt_no_sab,cls,HE,bacc,0.6334894613583139,136,0.8829039812646371
1,set_mil_mt_no_sab,cls,BAL,bacc,0.5,24,0.17460317460317465
1,set_mil_mt_no_sab,cls,CT,bacc,0.7117000646412411,108,0.8028442146089205
1,set_mil_mt_no_sab,cls,Clinical,bacc,0.5510967609676097,307,0.6042947929479294
1,set_mil_mt_no_sab,death_surv,HE,c_index,0.4,132,
1,set_mil_mt_no_sab,death_surv,BAL,c_index,0.2571428571428571,27,
1,set_mil_mt_no_sab,death_surv,CT,c_index,0.6889227952395484,308,
1,set_mil_mt_no_sab,death_surv,Clinical,c_index,0.6107206247781327,603,
1,set_mil_no_sab,acr_surv,HE,c_index,0.5831037649219467,247,
1,set_mil_no_sab,acr_surv,BAL,c_index,0.375,44,
1,set_mil_no_sab,acr_surv,CT,c_index,0.6473528583497606,367,
1,set_mil_no_sab,acr_surv,Clinical,c_index,0.6461447387894036,858,
1,set_mil_no_sab,clad_surv,HE,c_index,0.46789617486338797,128,
1,set_mil_no_sab,clad_surv,BAL,c_index,0.5,26,
1,set_mil_no_sab,clad_surv,CT,c_index,0.5514218932606155,268,
1,set_mil_no_sab,clad_surv,Clinical,c_index,0.643547692668989,564,
1,set_mil_no_sab,cls,HE,bacc,0.614168618266979,136,0.8501170960187354
1,set_mil_no_sab,cls,BAL,bacc,0.5,24,0.3968253968253968
1,set_mil_no_sab,cls,CT,bacc,0.6308985132514544,108,0.6732385261797027
1,set_mil_no_sab,cls,Clinical,bacc,0.5372078720787208,307,0.6124436244362442
1,set_mil_no_sab,death_surv,HE,c_index,0.39054726368159204,132,
1,set_mil_no_sab,death_surv,BAL,c_index,0.6,27,
1,set_mil_no_sab,death_surv,CT,c_index,0.7203844980164785,308,
1,set_mil_no_sab,death_surv,Clinical,c_index,0.6033368832090876,603,
2,early,acr_surv,HE,c_index,0.6764705882352942,212,
2,early,acr_surv,BAL,c_index,0.675,37,
2,early,acr_surv,CT,c_index,0.49653028769697843,526,
2,early,acr_surv,Clinical,c_index,0.680140597539543,870,
2,early,clad_surv,HE,c_index,0.437780269058296,104,
2,early,clad_surv,BAL,c_index,0.4,20,
2,early,clad_surv,CT,c_index,0.46610459154608636,367,
2,early,clad_surv,Clinical,c_index,0.6436424336614287,594,
2,early,cls,HE,bacc,0.7567654639175257,113,0.7725515463917526
2,early,cls,BAL,bacc,0.5,16,0.4363636363636364
2,early,cls,CT,bacc,0.5838001867413632,137,0.5985060690943044
2,early,cls,Clinical,bacc,0.5,262,0.6617097701149425
2,early,death_surv,HE,c_index,0.6210221793635486,108,
2,early,death_surv,BAL,c_index,0.6896551724137931,24,
2,early,death_surv,CT,c_index,0.6798993570030752,422,
2,early,death_surv,Clinical,c_index,0.5744873826088953,659,
2,late,acr_surv,HE,c_index,0.7142156862745098,212,
2,late,acr_surv,BAL,c_index,0.675,37,
2,late,acr_surv,CT,c_index,0.6461977736012722,526,
2,late,acr_surv,Clinical,c_index,0.6845905997927088,870,
2,late,clad_surv,HE,c_index,0.3845291479820628,104,
2,late,clad_surv,BAL,c_index,0.37777777777777777,20,
2,late,clad_surv,CT,c_index,0.6557479776689074,367,
2,late,clad_surv,Clinical,c_index,0.6558452771542048,594,
2,late,cls,HE,bacc,0.7464561855670103,113,0.7899484536082474
2,late,cls,BAL,bacc,0.5,16,0.4
2,late,cls,CT,bacc,0.5753968253968254,137,0.5933706816059757
2,late,cls,Clinical,bacc,0.5,262,0.6751436781609196
2,late,death_surv,HE,c_index,0.5756991321118612,108,
2,late,death_surv,BAL,c_index,0.6206896551724138,24,
2,late,death_surv,CT,c_index,0.6765329419439009,422,
2,late,death_surv,Clinical,c_index,0.5864274069481757,659,
2,longitudinal_mk_no_alibi,acr_surv,HE,bacc,0.5848873348873349,267,0.7607485107485108
2,longitudinal_mk_no_alibi,acr_surv,BAL,bacc,0.478328173374613,70,0.4396284829721362
2,longitudinal_mk_no_alibi,acr_surv,CT,bacc,0.5820654679575841,277,0.4718764407561088
2,longitudinal_mk_no_alibi,acr_surv,Clinical,bacc,0.4786255411255411,299,0.3481601731601731
2,longitudinal_mk_no_alibi,death_surv,HE,c_index,0.4625221366500556,542,
2,longitudinal_mk_no_alibi,death_surv,BAL,c_index,0.481348167539267,129,
2,longitudinal_mk_no_alibi,death_surv,CT,c_index,0.8378639479553139,746,
2,longitudinal_mk_no_alibi,death_surv,Clinical,c_index,0.4689469948192018,796,
2,middle,acr_surv,HE,c_index,0.7443627450980392,212,
2,middle,acr_surv,BAL,c_index,0.525,37,
2,middle,acr_surv,CT,c_index,0.6201387884921209,526,
2,middle,acr_surv,Clinical,c_index,0.6854130052724078,870,
2,middle,clad_surv,HE,c_index,0.35257847533632286,104,
2,middle,clad_surv,BAL,c_index,0.37777777777777777,20,
2,middle,clad_surv,CT,c_index,0.5882419961262391,367,
2,middle,clad_surv,Clinical,c_index,0.607810971047027,594,
2,middle,cls,HE,bacc,0.6053479381443299,113,0.6797680412371134
2,middle,cls,BAL,bacc,0.49090909090909096,16,0.43636363636363634
2,middle,cls,CT,bacc,0.5870681605975724,137,0.6092436974789917
2,middle,cls,Clinical,bacc,0.49942528735632186,262,0.6908764367816091
2,middle,death_surv,HE,c_index,0.6113789778206364,108,
2,middle,death_surv,BAL,c_index,0.6551724137931034,24,
2,middle,death_surv,CT,c_index,0.7012393998695369,422,
2,middle,death_surv,Clinical,c_index,0.5554751900071181,659,
2,set_mil_mt,acr_surv,HE,c_index,0.4892156862745098,212,
2,set_mil_mt,acr_surv,BAL,c_index,0.39166666666666666,37,
2,set_mil_mt,acr_surv,CT,c_index,0.5,526,
2,set_mil_mt,acr_surv,Clinical,c_index,0.5,870,
2,set_mil_mt,clad_surv,HE,c_index,0.3806053811659193,104,
2,set_mil_mt,clad_surv,BAL,c_index,0.6,20,
2,set_mil_mt,clad_surv,CT,c_index,0.4598951805856215,367,
2,set_mil_mt,clad_surv,Clinical,c_index,0.7839463535370979,594,
2,set_mil_mt,cls,HE,bacc,0.7348582474226804,113,0.8472938144329897
2,set_mil_mt,cls,BAL,bacc,0.5,16,0.32727272727272727
2,set_mil_mt,cls,CT,bacc,0.5354808590102708,137,0.5490196078431373
2,set_mil_mt,cls,Clinical,bacc,0.5,262,0.6723419540229886
2,set_mil_mt,death_surv,HE,c_index,0.5814850530376084,108,
2,set_mil_mt,death_surv,BAL,c_index,0.6896551724137931,24,
2,set_mil_mt,death_surv,CT,c_index,0.6541445345261392,422,
2,set_mil_mt,death_surv,Clinical,c_index,0.5799637206952768,659,
2,set_mil_mt_no_sab,acr_surv,HE,c_index,0.7318627450980392,212,
2,set_mil_mt_no_sab,acr_surv,BAL,c_index,0.475,37,
2,set_mil_mt_no_sab,acr_surv,CT,c_index,0.506758710423594,526,
2,set_mil_mt_no_sab,acr_surv,Clinical,c_index,0.5783313054842053,870,
2,set_mil_mt_no_sab,clad_surv,HE,c_index,0.34977578475336324,104,
2,set_mil_mt_no_sab,clad_surv,BAL,c_index,0.4888888888888889,20,
2,set_mil_mt_no_sab,clad_surv,CT,c_index,0.5326990999202461,367,
2,set_mil_mt_no_sab,clad_surv,Clinical,c_index,0.601767109883152,594,
2,set_mil_mt_no_sab,cls,HE,bacc,0.8653350515463918,113,0.9574742268041238
2,set_mil_mt_no_sab,cls,BAL,bacc,0.2,16,0.29090909090909095
2,set_mil_mt_no_sab,cls,CT,bacc,0.5564892623716153,137,0.634453781512605
2,set_mil_mt_no_sab,cls,Clinical,bacc,0.5025862068965518,262,0.5970545977011493
2,set_mil_mt_no_sab,death_surv,HE,c_index,0.6354869816779171,108,
2,set_mil_mt_no_sab,death_surv,BAL,c_index,0.5862068965517241,24,
2,set_mil_mt_no_sab,death_surv,CT,c_index,0.6775114155251142,422,
2,set_mil_mt_no_sab,death_surv,Clinical,c_index,0.5752680765080022,659,
2,set_mil_no_sab,acr_surv,HE,c_index,0.7272058823529411,212,
2,set_mil_no_sab,acr_surv,BAL,c_index,0.4666666666666667,37,
2,set_mil_no_sab,acr_surv,CT,c_index,0.4737964435448894,526,
2,set_mil_no_sab,acr_surv,Clinical,c_index,0.5176873507277725,870,
2,set_mil_no_sab,clad_surv,HE,c_index,0.3071748878923767,104,
2,set_mil_no_sab,clad_surv,BAL,c_index,0.5111111111111111,20,
2,set_mil_no_sab,clad_surv,CT,c_index,0.4285063233451065,367,
2,set_mil_no_sab,clad_surv,Clinical,c_index,0.5205779082484314,594,
2,set_mil_no_sab,cls,HE,bacc,0.8911082474226804,113,0.9478092783505154
2,set_mil_no_sab,cls,BAL,bacc,0.3,16,0.3272727272727273
2,set_mil_no_sab,cls,CT,bacc,0.5093370681605975,137,0.5569561157796452
2,set_mil_no_sab,cls,Clinical,bacc,0.47672413793103446,262,0.4650862068965518
2,set_mil_no_sab,death_surv,HE,c_index,0.6721311475409836,108,
2,set_mil_no_sab,death_surv,BAL,c_index,0.6206896551724138,24,
2,set_mil_no_sab,death_surv,CT,c_index,0.70662100456621,422,
2,set_mil_no_sab,death_surv,Clinical,c_index,0.45110330417212,659,
3,early,acr_surv,HE,c_index,0.5458368376787216,254,
3,early,acr_surv,BAL,c_index,0.16666666666666666,18,
3,early,acr_surv,CT,c_index,0.5486128011681675,388,
3,early,acr_surv,Clinical,c_index,0.5028173136731184,787,
3,early,clad_surv,HE,c_index,0.4467871485943775,134,
3,early,clad_surv,BAL,c_index,,11,
3,early,clad_surv,CT,c_index,0.3746556473829201,271,
3,early,clad_surv,Clinical,c_index,0.6304553580818172,599,
3,early,cls,HE,bacc,0.5092752372735116,141,0.5198446937014667
3,early,cls,BAL,bacc,0.5,9,0.5
3,early,cls,CT,bacc,0.5094086021505376,105,0.5627240143369175
3,early,cls,Clinical,bacc,0.44635193133047213,251,0.5572246065808297
3,early,death_surv,HE,c_index,0.484375,136,
3,early,death_surv,BAL,c_index,0.4666666666666667,11,
3,early,death_surv,CT,c_index,0.6052512037794131,303,
3,early,death_surv,Clinical,c_index,0.5576938401466253,629,
3,late,acr_surv,HE,c_index,0.5634987384356602,254,
3,late,acr_surv,BAL,c_index,0.25,18,
3,late,acr_surv,CT,c_index,0.5551837430031638,388,
3,late,acr_surv,Clinical,c_index,0.5435768907101826,787,
3,late,clad_surv,HE,c_index,0.464859437751004,134,
3,late,clad_surv,BAL,c_index,,11,
3,late,clad_surv,CT,c_index,0.5205627705627706,271,
3,late,clad_surv,Clinical,c_index,0.5731412346198338,599,
3,late,cls,HE,bacc,0.5783002588438308,141,0.6721311475409836
3,late,cls,BAL,bacc,0.5,9,0.5
3,late,cls,CT,bacc,0.4556451612903226,105,0.4753584229390681
3,late,cls,Clinical,bacc,0.46554601812112545,251,0.4526704816404387
3,late,death_surv,HE,c_index,0.5264423076923077,136,
3,late,death_surv,BAL,c_index,0.4666666666666667,11,
3,late,death_surv,CT,c_index,0.6280094485327519,303,
3,late,death_surv,Clinical,c_index,0.5500836720057375,629,
3,longitudinal_mk_no_alibi,acr_surv,HE,bacc,0.5788084464555053,245,0.662424585218703
3,longitudinal_mk_no_alibi,acr_surv,BAL,bacc,0.5,19,0.6944444444444444
3,longitudinal_mk_no_alibi,acr_surv,CT,bacc,0.49507750314201926,239,0.603477167993297
3,longitudinal_mk_no_alibi,acr_surv,Clinical,bacc,0.543359375,276,0.569140625
3,longitudinal_mk_no_alibi,death_surv,HE,c_index,0.44730865319100616,504,
3,longitudinal_mk_no_alibi,death_surv,BAL,c_index,0.4503105590062112,43,
3,longitudinal_mk_no_alibi,death_surv,CT,c_index,0.7183437977261158,660,
3,longitudinal_mk_no_alibi,death_surv,Clinical,c_index,0.5735282918284974,723,
3,middle,acr_surv,HE,c_index,0.5853658536585366,254,
3,middle,acr_surv,BAL,c_index,0.08333333333333333,18,
3,middle,acr_surv,CT,c_index,0.5008517887563884,388,
3,middle,acr_surv,Clinical,c_index,0.4444220848121181,787,
3,middle,clad_surv,HE,c_index,0.4246987951807229,134,
3,middle,clad_surv,BAL,c_index,,11,
3,middle,clad_surv,CT,c_index,0.39354584809130266,271,
3,middle,clad_surv,Clinical,c_index,0.5717215269744452,599,
3,middle,cls,HE,bacc,0.5742018981880932,141,0.6652286453839517
3,middle,cls,BAL,bacc,0.5,9,0.5
3,middle,cls,CT,bacc,0.5336021505376345,105,0.564516129032258
3,middle,cls,Clinical,bacc,0.476275631855031,251,0.47091082498807824
3,middle,death_surv,HE,c_index,0.6790865384615384,136,
3,middle,death_surv,BAL,c_index,0.43333333333333335,11,
3,middle,death_surv,CT,c_index,0.6494049241391842,303,
3,middle,death_surv,Clinical,c_index,0.577137620527532,629,
3,set_mil_mt,acr_surv,HE,c_index,0.5630782169890665,254,
3,set_mil_mt,acr_surv,BAL,c_index,0.125,18,
3,set_mil_mt,acr_surv,CT,c_index,0.5942443416889754,388,
3,set_mil_mt,acr_surv,Clinical,c_index,0.4903955215689144,787,
3,set_mil_mt,clad_surv,HE,c_index,0.4086345381526104,134,
3,set_mil_mt,clad_surv,BAL,c_index,,11,
3,set_mil_mt,clad_surv,CT,c_index,0.5157418339236521,271,
3,set_mil_mt,clad_surv,Clinical,c_index,0.7204753391523819,599,
3,set_mil_mt,cls,HE,bacc,0.6695427092320967,141,0.7812769628990509
3,set_mil_mt,cls,BAL,bacc,0.5,9,0.5
3,set_mil_mt,cls,CT,bacc,0.5336021505376345,105,0.5286738351254481
3,set_mil_mt,cls,Clinical,bacc,0.4482594182164997,251,0.5672389127324751
3,set_mil_mt,death_surv,HE,c_index,0.6201923076923077,136,
3,set_mil_mt,death_surv,BAL,c_index,0.4666666666666667,11,
3,set_mil_mt,death_surv,CT,c_index,0.6881075679113291,303,
3,set_mil_mt,death_surv,Clinical,c_index,0.627739262092597,629,
3,set_mil_mt_no_sab,acr_surv,HE,c_index,0.6526492851135408,254,
3,set_mil_mt_no_sab,acr_surv,BAL,c_index,0.5,18,
3,set_mil_mt_no_sab,acr_surv,CT,c_index,0.4792528595765393,388,
3,set_mil_mt_no_sab,acr_surv,Clinical,c_index,0.5138304489407632,787,
3,set_mil_mt_no_sab,clad_surv,HE,c_index,0.43373493975903615,134,
3,set_mil_mt_no_sab,clad_surv,BAL,c_index,,11,
3,set_mil_mt_no_sab,clad_surv,CT,c_index,0.40476190476190477,271,
3,set_mil_mt_no_sab,clad_surv,Clinical,c_index,0.6612156903985698,599,
3,set_mil_mt_no_sab,cls,HE,bacc,0.6958584987057809,141,0.8075927523727351
3,set_mil_mt_no_sab,cls,BAL,bacc,0.5,9,0.5
3,set_mil_mt_no_sab,cls,CT,bacc,0.560483870967742,105,0.49417562724014336
3,set_mil_mt_no_sab,cls,Clinical,bacc,0.533857892226991,251,0.47377205531711963
3,set_mil_mt_no_sab,death_surv,HE,c_index,0.5697115384615384,136,
3,set_mil_mt_no_sab,death_surv,BAL,c_index,0.4,11,
3,set_mil_mt_no_sab,death_surv,CT,c_index,0.6459525756336877,303,
3,set_mil_mt_no_sab,death_surv,Clinical,c_index,0.5134672085425134,629,
3,set_mil_no_sab,acr_surv,HE,c_index,0.6394028595458369,254,
3,set_mil_no_sab,acr_surv,BAL,c_index,0.25,18,
3,set_mil_no_sab,acr_surv,CT,c_index,0.39723777074714045,388,
3,set_mil_no_sab,acr_surv,Clinical,c_index,0.5145622187259888,787,
3,set_mil_no_sab,clad_surv,HE,c_index,0.3910642570281124,134,
3,set_mil_no_sab,clad_surv,BAL,c_index,,11,
3,set_mil_no_sab,clad_surv,CT,c_index,0.34533648170011805,271,
3,set_mil_no_sab,clad_surv,Clinical,c_index,0.541644757598065,599,
3,set_mil_no_sab,cls,HE,bacc,0.7139775668679896,141,0.7929249352890422
3,set_mil_no_sab,cls,BAL,bacc,0.5,9,0.5
3,set_mil_no_sab,cls,CT,bacc,0.4502688172043011,105,0.5022401433691757
3,set_mil_no_sab,cls,Clinical,bacc,0.4206008583690987,251,0.3925846447305674
3,set_mil_no_sab,death_surv,HE,c_index,0.6887019230769231,136,
3,set_mil_no_sab,death_surv,BAL,c_index,0.4,11,
3,set_mil_no_sab,death_surv,CT,c_index,0.6966021622603797,303,
3,set_mil_no_sab,death_surv,Clinical,c_index,0.41074986054665713,629,
4,early,acr_surv,HE,c_index,0.8548850574712644,217,
4,early,acr_surv,BAL,c_index,0.31196581196581197,63,
4,early,acr_surv,CT,c_index,0.4213337928657591,416,
4,early,acr_surv,Clinical,c_index,0.6122028141678797,823,
4,early,clad_surv,HE,c_index,0.5577395577395577,115,
4,early,clad_surv,BAL,c_index,0.6875,29,
4,early,clad_surv,CT,c_index,0.438283378746594,315,
4,early,clad_surv,Clinical,c_index,0.5631942789034565,591,
4,early,cls,HE,bacc,0.7001078748651564,121,0.7683387270765911
4,early,cls,BAL,bacc,0.3187134502923976,28,0.32163742690058483
4,early,cls,CT,bacc,0.49643640350877194,115,0.48492324561403505
4,early,cls,Clinical,bacc,0.5781914893617022,267,0.6023271276595745
4,early,death_surv,HE,c_index,0.7028241335044929,119,
4,early,death_surv,BAL,c_index,0.7761194029850746,37,
4,early,death_surv,CT,c_index,0.7249643620812545,341,
4,early,death_surv,Clinical,c_index,0.5645347940132696,631,
4,late,acr_surv,HE,c_index,0.7805316091954023,217,
4,late,acr_surv,BAL,c_index,0.3696581196581197,63,
4,late,acr_surv,CT,c_index,0.4920730656556953,416,
4,late,acr_surv,Clinical,c_index,0.5227698066126014,823,
4,late,clad_surv,HE,c_index,0.6240786240786241,115,
4,late,clad_surv,BAL,c_index,0.6875,29,
4,late,clad_surv,CT,c_index,0.5478882833787466,315,
4,late,clad_surv,Clinical,c_index,0.539523241954708,591,
4,late,cls,HE,bacc,0.6612729234088457,121,0.7691477885652643
4,late,cls,BAL,bacc,0.32456140350877194,28,0.30409356725146197
4,late,cls,CT,bacc,0.518640350877193,115,0.4909539473684211
4,late,cls,Clinical,bacc,0.5426196808510638,267,0.634375
4,late,death_surv,HE,c_index,0.7580231065468549,119,
4,late,death_surv,BAL,c_index,0.7574626865671642,37,
4,late,death_surv,CT,c_index,0.696792587312901,341,
4,late,death_surv,Clinical,c_index,0.543537519930052,631,
4,longitudinal_mk_no_alibi,acr_surv,HE,bacc,0.6536098310291858,241,0.7761136712749617
4,longitudinal_mk_no_alibi,acr_surv,BAL,bacc,0.31919191919191914,73,0.18434343434343436
4,longitudinal_mk_no_alibi,acr_surv,CT,bacc,0.4913489736070381,251,0.5626099706744868
4,longitudinal_mk_no_alibi,acr_surv,Clinical,bacc,0.5681081081081081,287,0.6393513513513513
4,longitudinal_mk_no_alibi,death_surv,HE,c_index,0.7077601543511489,514,
4,longitudinal_mk_no_alibi,death_surv,BAL,c_index,0.6738533591731266,162,
4,longitudinal_mk_no_alibi,death_surv,CT,c_index,0.7475782705793659,644,
4,longitudinal_mk_no_alibi,death_surv,Clinical,c_index,0.3554424796942843,721,
4,middle,acr_surv,HE,c_index,0.6889367816091954,217,
4,middle,acr_surv,BAL,c_index,0.37606837606837606,63,
4,middle,acr_surv,CT,c_index,0.4519645011201103,416,
4,middle,acr_surv,Clinical,c_index,0.5829347750745131,823,
4,middle,clad_surv,HE,c_index,0.6805896805896806,115,
4,middle,clad_surv,BAL,c_index,0.6458333333333334,29,
4,middle,clad_surv,CT,c_index,0.5532697547683924,315,
4,middle,clad_surv,Clinical,c_index,0.5771632896305126,591,
4,middle,cls,HE,bacc,0.6202804746494066,121,0.7340884573894283
4,middle,cls,BAL,bacc,0.4122807017543859,28,0.4385964912280702
4,middle,cls,CT,bacc,0.5128837719298246,115,0.46326754385964913
4,middle,cls,Clinical,bacc,0.5611037234042553,267,0.5936835106382979
4,middle,death_surv,HE,c_index,0.7734274711168164,119,
4,middle,death_surv,BAL,c_index,0.7798507462686567,37,
4,middle,death_surv,CT,c_index,0.7114932287954383,341,
4,middle,death_surv,Clinical,c_index,0.6039191482795865,631,
4,set_mil_mt,acr_surv,HE,c_index,0.3182471264367816,217,
4,set_mil_mt,acr_surv,BAL,c_index,0.6410256410256411,63,
4,set_mil_mt,acr_surv,CT,c_index,0.5865069791487162,416,
4,set_mil_mt,acr_surv,Clinical,c_index,0.5,823,
4,set_mil_mt,clad_surv,HE,c_index,0.5927518427518428,115,
4,set_mil_mt,clad_surv,BAL,c_index,0.4583333333333333,29,
4,set_mil_mt,clad_surv,CT,c_index,0.5985694822888283,315,
4,set_mil_mt,clad_surv,Clinical,c_index,0.4745172824791418,591,
4,set_mil_mt,cls,HE,bacc,0.697950377562028,121,0.8406148867313916
4,set_mil_mt,cls,BAL,bacc,0.47953216374269003,28,0.4210526315789474
4,set_mil_mt,cls,CT,bacc,0.4643640350877193,115,0.5043859649122807
4,set_mil_mt,cls,Clinical,bacc,0.6300531914893617,267,0.7154255319148936
4,set_mil_mt,death_surv,HE,c_index,0.6171373555840821,119,
4,set_mil_mt,death_surv,BAL,c_index,0.7723880597014925,37,
4,set_mil_mt,death_surv,CT,c_index,0.7007483962936565,341,
4,set_mil_mt,death_surv,Clinical,c_index,0.5976443964408784,631,
4,set_mil_mt_no_sab,acr_surv,HE,c_index,0.7880747126436781,217,
4,set_mil_mt_no_sab,acr_surv,BAL,c_index,0.3995726495726496,63,
4,set_mil_mt_no_sab,acr_surv,CT,c_index,0.5292951921419955,416,
4,set_mil_mt_no_sab,acr_surv,Clinical,c_index,0.5890864351563041,823,
4,set_mil_mt_no_sab,clad_surv,HE,c_index,0.5675675675675675,115,
4,set_mil_mt_no_sab,clad_surv,BAL,c_index,0.5,29,
4,set_mil_mt_no_sab,clad_surv,CT,c_index,0.5701634877384196,315,
4,set_mil_mt_no_sab,clad_surv,Clinical,c_index,0.5772348033373064,591,
4,set_mil_mt_no_sab,cls,HE,bacc,0.697950377562028,121,0.8505933117583603
4,set_mil_mt_no_sab,cls,BAL,bacc,0.45029239766081874,28,0.43274853801169594
4,set_mil_mt_no_sab,cls,CT,bacc,0.4487390350877193,115,0.4240679824561403
4,set_mil_mt_no_sab,cls,Clinical,bacc,0.5839095744680851,267,0.6859707446808512
4,set_mil_mt_no_sab,death_surv,HE,c_index,0.7371630295250321,119,
4,set_mil_mt_no_sab,death_surv,BAL,c_index,0.7444029850746269,37,
4,set_mil_mt_no_sab,death_surv,CT,c_index,0.718496079828938,341,
4,set_mil_mt_no_sab,death_surv,Clinical,c_index,0.5551483824512679,631,
4,set_mil_no_sab,acr_surv,HE,c_index,0.805316091954023,217,
4,set_mil_no_sab,acr_surv,BAL,c_index,0.4358974358974359,63,
4,set_mil_no_sab,acr_surv,CT,c_index,0.5290367051525073,416,
4,set_mil_no_sab,acr_surv,Clinical,c_index,0.5846329798294864,823,
4,set_mil_no_sab,clad_surv,HE,c_index,0.6142506142506142,115,
4,set_mil_no_sab,clad_surv,BAL,c_index,0.6875,29,
4,set_mil_no_sab,clad_surv,CT,c_index,0.3799046321525886,315,
4,set_mil_no_sab,clad_surv,Clinical,c_index,0.5347794994040524,591,
4,set_mil_no_sab,cls,HE,bacc,0.7305825242718447,121,0.8643473570658037
4,set_mil_no_sab,cls,BAL,bacc,0.4269005847953216,28,0.4970760233918129
4,set_mil_no_sab,cls,CT,bacc,0.45394736842105265,115,0.46518640350877194
4,set_mil_no_sab,cls,Clinical,bacc,0.589627659574468,267,0.6473404255319148
4,set_mil_no_sab,death_surv,HE,c_index,0.7400513478818999,119,
4,set_mil_no_sab,death_surv,BAL,c_index,0.7220149253731343,37,
4,set_mil_no_sab,death_surv,CT,c_index,0.7192444761225945,341,
4,set_mil_no_sab,death_surv,Clinical,c_index,0.5588000822918274,631,
