variant,task,modality,metric,mean,std,count,mean_std
early,acr_surv,BAL,c_index,0.44335404674690393,0.20662485264285152,5,0.443 ± 0.207
early,acr_surv,CT,c_index,0.5158307658147767,0.06073779633301159,5,0.516 ± 0.061
early,acr_surv,Clinical,c_index,0.6049718014623328,0.09785093063696938,5,0.605 ± 0.098
early,acr_surv,HE,c_index,0.6436199683405175,0.1497092846495829,5,0.644 ± 0.150
early,clad_surv,BAL,c_index,0.6092105263157894,0.17931544317908465,4,0.609 ± 0.179
early,clad_surv,CT,c_index,0.45340892824609175,0.065278512756972,5,0.453 ± 0.065
early,clad_surv,Clinical,c_index,0.6163390550561896,0.03422999480086989,5,0.616 ± 0.034
early,clad_surv,HE,c_index,0.48521424986122863,0.07828065389870524,5,0.485 ± 0.078
early,cls,BAL,bacc,0.48279030910609855,0.10056619783275757,5,0.483 ± 0.101
early,cls,CT,bacc,0.5539792885396725,0.06648135216599424,5,0.554 ± 0.066
early,cls,Clinical,bacc,0.5284251603144325,0.07023785937872934,5,0.528 ± 0.070
early,cls,HE,bacc,0.6238289841818881,0.10943330731818206,5,0.624 ± 0.109
early,death_surv,BAL,c_index,0.6418298633199392,0.11372476462202272,5,0.642 ± 0.114
early,death_surv,CT,c_index,0.6485578213520506,0.0590793872980828,5,0.649 ± 0.059
early,death_surv,Clinical,c_index,0.5494840066303855,0.04820131495738363,5,0.549 ± 0.048
early,death_surv,HE,c_index,0.5579370637148726,0.10423455526479083,5,0.558 ± 0.104
late,acr_surv,BAL,c_index,0.4725158076050933,0.1677384426123166,5,0.473 ± 0.168
late,acr_surv,CT,c_index,0.5993922796573549,0.09672833318567314,5,0.599 ± 0.097
late,acr_surv,Clinical,c_index,0.5918001630135489,0.090361875406883,5,0.592 ± 0.090
late,acr_surv,HE,c_index,0.6753765314861407,0.08457028380261548,5,0.675 ± 0.085
late,clad_surv,BAL,c_index,0.5839181286549707,0.20112567838934686,4,0.584 ± 0.201
late,clad_surv,CT,c_index,0.5177647460535212,0.11744063436678671,5,0.518 ± 0.117
late,clad_surv,Clinical,c_index,0.5880805911704005,0.04470373266175652,5,0.588 ± 0.045
late,clad_surv,HE,c_index,0.4787416056426025,0.09059080094326981,5,0.479 ± 0.091
late,cls,BAL,bacc,0.4434837092731829,0.08106762206324437,5,0.443 ± 0.081
late,cls,CT,bacc,0.5466441870379251,0.07266331748809868,5,0.547 ± 0.073
late,cls,Clinical,bacc,0.5004456942121168,0.027482663109085002,5,0.500 ± 0.027
late,cls,HE,bacc,0.6543552968386862,0.089326036258927,5,0.654 ± 0.089
late,death_surv,BAL,c_index,0.6373488948489509,0.10779498411032315,5,0.637 ± 0.108
late,death_surv,CT,c_index,0.6462102609477853,0.050323476302763716,5,0.646 ± 0.050
late,death_surv,Clinical,c_index,0.5384904332764349,0.05109108006396591,5,0.538 ± 0.051
late,death_surv,HE,c_index,0.5605178391499004,0.12541266246089222,5,0.561 ± 0.125
middle,acr_surv,BAL,c_index,0.40855126024768884,0.20146139281767925,5,0.409 ± 0.201
middle,acr_surv,CT,c_index,0.528861728994493,0.06900585810787221,5,0.529 ± 0.069
middle,acr_surv,Clinical,c_index,0.5977786789580394,0.1083317489733144,5,0.598 ± 0.108
middle,acr_surv,HE,c_index,0.6652381841449639,0.13895132479674338,5,0.665 ± 0.139
middle,clad_surv,BAL,c_index,0.5825475146198831,0.22675662759853604,4,0.583 ± 0.227
middle,clad_surv,CT,c_index,0.5056026474771176,0.10703494745163386,5,0.506 ± 0.107
middle,clad_surv,Clinical,c_index,0.5722891560701078,0.022872627383381392,5,0.572 ± 0.023
middle,clad_surv,HE,c_index,0.48895824580292213,0.14606377636853313,5,0.489 ± 0.146
middle,cls,BAL,bacc,0.42587605377079063,0.067876921070951,5,0.426 ± 0.068
middle,cls,CT,bacc,0.5340286020267669,0.053032958383593606,5,0.534 ± 0.053
middle,cls,Clinical,bacc,0.5279005906613161,0.0489673952095388,5,0.528 ± 0.049
middle,cls,HE,bacc,0.594073834307815,0.06941935640048591,5,0.594 ± 0.069
middle,death_surv,BAL,c_index,0.6246650874988944,0.12589307295147031,5,0.625 ± 0.126
middle,death_surv,CT,c_index,0.6647676146171685,0.05596522418010691,5,0.665 ± 0.056
middle,death_surv,Clinical,c_index,0.5493204499121369,0.059761762702432386,5,0.549 ± 0.060
middle,death_surv,HE,c_index,0.6075213205769698,0.13428460876239803,5,0.608 ± 0.134
set_mil_mt,acr_surv,BAL,c_index,0.35883437990580846,0.20788819898208644,5,0.359 ± 0.208
set_mil_mt,acr_surv,CT,c_index,0.5589456434817617,0.07009813978250572,5,0.559 ± 0.070
set_mil_mt,acr_surv,Clinical,c_index,0.5080144799735924,0.023658395958073886,5,0.508 ± 0.024
set_mil_mt,acr_surv,HE,c_index,0.5116657936581197,0.13731837433826005,5,0.512 ± 0.137
set_mil_mt,clad_surv,BAL,c_index,0.5111293859649123,0.15975305231245374,4,0.511 ± 0.160
set_mil_mt,clad_surv,CT,c_index,0.4900104355413738,0.10682529616441469,5,0.490 ± 0.107
set_mil_mt,clad_surv,Clinical,c_index,0.6252482286677146,0.13014260833896885,5,0.625 ± 0.130
set_mil_mt,clad_surv,HE,c_index,0.4831163960936126,0.1153526895731408,5,0.483 ± 0.115
set_mil_mt,cls,BAL,bacc,0.514954051796157,0.03524822064944601,5,0.515 ± 0.035
set_mil_mt,cls,CT,bacc,0.535088744369804,0.06831416318394455,5,0.535 ± 0.068
set_mil_mt,cls,Clinical,bacc,0.5316147219126102,0.06806896215804682,5,0.532 ± 0.068
set_mil_mt,cls,HE,bacc,0.7189677169954765,0.041291837836887384,5,0.719 ± 0.041
set_mil_mt,death_surv,BAL,c_index,0.6437699300669495,0.13314645123161137,5,0.644 ± 0.133
set_mil_mt,death_surv,CT,c_index,0.6635783611906674,0.029637144661592625,5,0.664 ± 0.030
set_mil_mt,death_surv,Clinical,c_index,0.5771618088222257,0.05578565828996819,5,0.577 ± 0.056
set_mil_mt,death_surv,HE,c_index,0.5536296266425416,0.10435256166492402,5,0.554 ± 0.104
set_mil_mt_no_sab,acr_surv,BAL,c_index,0.44583289726146874,0.05495855426202593,5,0.446 ± 0.055
set_mil_mt_no_sab,acr_surv,CT,c_index,0.5424052921747387,0.09122223743267435,5,0.542 ± 0.091
set_mil_mt_no_sab,acr_surv,Clinical,c_index,0.5538374103095254,0.07033836311258077,5,0.554 ± 0.070
set_mil_mt_no_sab,acr_surv,HE,c_index,0.7089031028660628,0.054297369122598534,5,0.709 ± 0.054
set_mil_mt_no_sab,clad_surv,BAL,c_index,0.5325840643274854,0.04477912005366655,4,0.533 ± 0.045
set_mil_mt_no_sab,clad_surv,CT,c_index,0.49066602098672396,0.08325160380084731,5,0.491 ± 0.083
set_mil_mt_no_sab,clad_surv,Clinical,c_index,0.6212270570137972,0.032509674694232694,5,0.621 ± 0.033
set_mil_mt_no_sab,clad_surv,HE,c_index,0.4910011094625958,0.12413698465051794,5,0.491 ± 0.124
set_mil_mt_no_sab,cls,BAL,bacc,0.4122013366750209,0.1243983099740057,5,0.412 ± 0.124
set_mil_mt_no_sab,cls,CT,bacc,0.552662897741483,0.1007791914370115,5,0.553 ± 0.101
set_mil_mt_no_sab,cls,Clinical,bacc,0.54631255882196,0.03038902453399509,5,0.546 ± 0.030
set_mil_mt_no_sab,cls,HE,bacc,0.7182463040027273,0.08677270768176827,5,0.718 ± 0.087
set_mil_mt_no_sab,death_surv,BAL,c_index,0.5345070694929721,0.2026912450098728,5,0.535 ± 0.203
set_mil_mt_no_sab,death_surv,CT,c_index,0.6716312610308607,0.03590576513133552,5,0.672 ± 0.036
set_mil_mt_no_sab,death_surv,Clinical,c_index,0.5448833474786905,0.05473975692070672,5,0.545 ± 0.055
set_mil_mt_no_sab,death_surv,HE,c_index,0.5728514341080625,0.1259022282645238,5,0.573 ± 0.126
set_mil_no_sab,acr_surv,BAL,c_index,0.39530873888016743,0.08824260749557981,5,0.395 ± 0.088
set_mil_no_sab,acr_surv,CT,c_index,0.5128410859709424,0.09118642119743327,5,0.513 ± 0.091
set_mil_no_sab,acr_surv,Clinical,c_index,0.5653698013282806,0.054205819967063036,5,0.565 ± 0.054
set_mil_no_sab,acr_surv,HE,c_index,0.6897762614469763,0.08468108925401904,5,0.690 ± 0.085
set_mil_no_sab,clad_surv,BAL,c_index,0.5812317251461988,0.0909963603293619,4,0.581 ± 0.091
set_mil_no_sab,clad_surv,CT,c_index,0.4237443173459825,0.07825890506843877,5,0.424 ± 0.078
set_mil_no_sab,clad_surv,Clinical,c_index,0.5694006130214053,0.052970155923967276,5,0.569 ± 0.053
set_mil_no_sab,clad_surv,HE,c_index,0.47418349909925706,0.130380101461189,5,0.474 ± 0.130
set_mil_no_sab,cls,BAL,bacc,0.42633249791144523,0.08258225440130947,5,0.426 ± 0.083
set_mil_no_sab,cls,CT,bacc,0.5044417318535965,0.07451803131596442,5,0.504 ± 0.075
set_mil_no_sab,cls,Clinical,bacc,0.5231467123322375,0.0741119113161064,5,0.523 ± 0.074
set_mil_no_sab,cls,HE,bacc,0.745841890698342,0.10101070488066467,5,0.746 ± 0.101
set_mil_no_sab,death_surv,BAL,c_index,0.596801785674327,0.11934258472977971,5,0.597 ± 0.119
set_mil_no_sab,death_surv,CT,c_index,0.6998414664730166,0.026201165416698573,5,0.700 ± 0.026
set_mil_no_sab,death_surv,Clinical,c_index,0.5041440930367875,0.07813011349373866,5,0.504 ± 0.078
set_mil_no_sab,death_surv,HE,c_index,0.6107638409353799,0.1390963330785041,5,0.611 ± 0.139
